{"Episode": 0, "_timestamp": 1719435478.829273, "_runtime": 2.618419885635376, "_step": 0, "_wandb": {"runtime": 37}}