{"Episode": 0, "_timestamp": 1719435525.7933838, "_runtime": 3.2068848609924316, "_step": 0, "_wandb": {"runtime": 1}}